imd_decile,hle
1,21.274749999999997
2,23.956
3,25.831
4,27.572
5,29.1655
6,29.88425
7,30.834
8,31.594499999999996
9,32.338499999999996
10,33.63675
